{
  "500px": 62062,
  "abacus": 63040,
  "accessible-icon": 62312,
  "accusoft": 62313,
  "acorn": 63150,
  "acquisitions-incorporated": 63151,
  "ad": 63041,
  "address-book": 62137,
  "address-card": 62139,
  "adjust": 61506,
  "adn": 61808,
  "adversal": 62314,
  "affiliatetheme": 62315,
  "air-conditioner": 63732,
  "air-freshener": 62928,
  "airbnb": 63540,
  "alarm-clock": 62286,
  "alarm-exclamation": 63555,
  "alarm-plus": 63556,
  "alarm-snooze": 63557,
  "album": 63647,
  "album-collection": 63648,
  "algolia": 62316,
  "alicorn": 63152,
  "alien": 63733,
  "alien-monster": 63734,
  "align-center": 61495,
  "align-justify": 61497,
  "align-left": 61494,
  "align-right": 61496,
  "align-slash": 63558,
  "alipay": 63042,
  "allergies": 62561,
  "amazon": 62064,
  "amazon-pay": 62508,
  "ambulance": 61689,
  "american-sign-language-interpreting": 62115,
  "amilia": 62317,
  "amp-guitar": 63649,
  "analytics": 63043,
  "anchor": 61757,
  "android": 61819,
  "angel": 63353,
  "angellist": 61961,
  "angle-double-down": 61699,
  "angle-double-left": 61696,
  "angle-double-right": 61697,
  "angle-double-up": 61698,
  "angle-down": 61703,
  "angle-left": 61700,
  "angle-right": 61701,
  "angle-up": 61702,
  "angry": 62806,
  "angrycreative": 62318,
  "angular": 62496,
  "ankh": 63044,
  "app-store": 62319,
  "app-store-ios": 62320,
  "apper": 62321,
  "apple": 61817,
  "apple-alt": 62929,
  "apple-crate": 63153,
  "apple-pay": 62485,
  "archive": 61831,
  "archway": 62807,
  "arrow-alt-circle-down": 62296,
  "arrow-alt-circle-left": 62297,
  "arrow-alt-circle-right": 62298,
  "arrow-alt-circle-up": 62299,
  "arrow-alt-down": 62292,
  "arrow-alt-from-bottom": 62278,
  "arrow-alt-from-left": 62279,
  "arrow-alt-from-right": 62280,
  "arrow-alt-from-top": 62281,
  "arrow-alt-left": 62293,
  "arrow-alt-right": 62294,
  "arrow-alt-square-down": 62288,
  "arrow-alt-square-left": 62289,
  "arrow-alt-square-right": 62290,
  "arrow-alt-square-up": 62291,
  "arrow-alt-to-bottom": 62282,
  "arrow-alt-to-left": 62283,
  "arrow-alt-to-right": 62284,
  "arrow-alt-to-top": 62285,
  "arrow-alt-up": 62295,
  "arrow-circle-down": 61611,
  "arrow-circle-left": 61608,
  "arrow-circle-right": 61609,
  "arrow-circle-up": 61610,
  "arrow-down": 61539,
  "arrow-from-bottom": 62274,
  "arrow-from-left": 62275,
  "arrow-from-right": 62276,
  "arrow-from-top": 62277,
  "arrow-left": 61536,
  "arrow-right": 61537,
  "arrow-square-down": 62265,
  "arrow-square-left": 62266,
  "arrow-square-right": 62267,
  "arrow-square-up": 62268,
  "arrow-to-bottom": 62269,
  "arrow-to-left": 62270,
  "arrow-to-right": 62272,
  "arrow-to-top": 62273,
  "arrow-up": 61538,
  "arrows": 61511,
  "arrows-alt": 61618,
  "arrows-alt-h": 62263,
  "arrows-alt-v": 62264,
  "arrows-h": 61566,
  "arrows-v": 61565,
  "artstation": 63354,
  "assistive-listening-systems": 62114,
  "asterisk": 61545,
  "asymmetrik": 62322,
  "at": 61946,
  "atlas": 62808,
  "atlassian": 63355,
  "atom": 62930,
  "atom-alt": 62931,
  "audible": 62323,
  "audio-description": 62110,
  "autoprefixer": 62492,
  "avianex": 62324,
  "aviato": 62497,
  "award": 62809,
  "aws": 62325,
  "axe": 63154,
  "axe-battle": 63155,
  "baby": 63356,
  "baby-carriage": 63357,
  "backpack": 62932,
  "backspace": 62810,
  "backward": 61514,
  "bacon": 63461,
  "bacteria": 57433,
  "bacterium": 57434,
  "badge": 62261,
  "badge-check": 62262,
  "badge-dollar": 63045,
  "badge-percent": 63046,
  "badge-sheriff": 63650,
  "badger-honey": 63156,
  "bags-shopping": 63559,
  "bahai": 63078,
  "balance-scale": 62030,
  "balance-scale-left": 62741,
  "balance-scale-right": 62742,
  "ball-pile": 63358,
  "ballot": 63282,
  "ballot-check": 63283,
  "ban": 61534,
  "band-aid": 62562,
  "bandcamp": 62165,
  "banjo": 63651,
  "barcode": 61482,
  "barcode-alt": 62563,
  "barcode-read": 62564,
  "barcode-scan": 62565,
  "bars": 61641,
  "baseball": 62514,
  "baseball-ball": 62515,
  "basketball-ball": 62516,
  "basketball-hoop": 62517,
  "bat": 63157,
  "bath": 62157,
  "battery-bolt": 62326,
  "battery-empty": 62020,
  "battery-full": 62016,
  "battery-half": 62018,
  "battery-quarter": 62019,
  "battery-slash": 62327,
  "battery-three-quarters": 62017,
  "battle-net": 63541,
  "bed": 62006,
  "bed-alt": 63735,
  "bed-bunk": 63736,
  "bed-empty": 63737,
  "beer": 61692,
  "behance": 61876,
  "behance-square": 61877,
  "bell": 61683,
  "bell-exclamation": 63560,
  "bell-on": 63738,
  "bell-plus": 63561,
  "bell-school": 62933,
  "bell-school-slash": 62934,
  "bell-slash": 61942,
  "bells": 63359,
  "betamax": 63652,
  "bezier-curve": 62811,
  "bible": 63047,
  "bicycle": 61958,
  "biking": 63562,
  "biking-mountain": 63563,
  "bimobject": 62328,
  "binoculars": 61925,
  "biohazard": 63360,
  "birthday-cake": 61949,
  "bitbucket": 61809,
  "bitcoin": 62329,
  "bity": 62330,
  "black-tie": 62078,
  "blackberry": 62331,
  "blanket": 62616,
  "blender": 62743,
  "blender-phone": 63158,
  "blind": 62109,
  "blinds": 63739,
  "blinds-open": 63740,
  "blinds-raised": 63741,
  "blog": 63361,
  "blogger": 62332,
  "blogger-b": 62333,
  "bluetooth": 62099,
  "bluetooth-b": 62100,
  "bold": 61490,
  "bolt": 61671,
  "bomb": 61922,
  "bone": 62935,
  "bone-break": 62936,
  "bong": 62812,
  "book": 61485,
  "book-alt": 62937,
  "book-dead": 63159,
  "book-heart": 62617,
  "book-medical": 63462,
  "book-open": 62744,
  "book-reader": 62938,
  "book-spells": 63160,
  "book-user": 63463,
  "bookmark": 61486,
  "books": 62939,
  "books-medical": 63464,
  "boombox": 63653,
  "boot": 63362,
  "booth-curtain": 63284,
  "bootstrap": 63542,
  "border-all": 63564,
  "border-bottom": 63565,
  "border-center-h": 63644,
  "border-center-v": 63645,
  "border-inner": 63566,
  "border-left": 63567,
  "border-none": 63568,
  "border-outer": 63569,
  "border-right": 63570,
  "border-style": 63571,
  "border-style-alt": 63572,
  "border-top": 63573,
  "bow-arrow": 63161,
  "bowling-ball": 62518,
  "bowling-pins": 62519,
  "box": 62566,
  "box-alt": 62618,
  "box-ballot": 63285,
  "box-check": 62567,
  "box-fragile": 62619,
  "box-full": 62620,
  "box-heart": 62621,
  "box-open": 62622,
  "box-tissue": 57435,
  "box-up": 62623,
  "box-usd": 62624,
  "boxes": 62568,
  "boxes-alt": 62625,
  "boxing-glove": 62520,
  "brackets": 63465,
  "brackets-curly": 63466,
  "braille": 62113,
  "brain": 62940,
  "bread-loaf": 63467,
  "bread-slice": 63468,
  "briefcase": 61617,
  "briefcase-medical": 62569,
  "bring-forward": 63574,
  "bring-front": 63575,
  "broadcast-tower": 62745,
  "broom": 62746,
  "browser": 62334,
  "brush": 62813,
  "btc": 61786,
  "buffer": 63543,
  "bug": 61832,
  "building": 61869,
  "bullhorn": 61601,
  "bullseye": 61760,
  "bullseye-arrow": 63048,
  "bullseye-pointer": 63049,
  "burger-soda": 63576,
  "burn": 62570,
  "buromobelexperte": 62335,
  "burrito": 63469,
  "bus": 61959,
  "bus-alt": 62814,
  "bus-school": 62941,
  "business-time": 63050,
  "buy-n-large": 63654,
  "buysellads": 61965,
  "cabinet-filing": 63051,
  "cactus": 63655,
  "calculator": 61932,
  "calculator-alt": 63052,
  "calendar": 61747,
  "calendar-alt": 61555,
  "calendar-check": 62068,
  "calendar-day": 63363,
  "calendar-edit": 62259,
  "calendar-exclamation": 62260,
  "calendar-minus": 62066,
  "calendar-plus": 62065,
  "calendar-star": 63286,
  "calendar-times": 62067,
  "calendar-week": 63364,
  "camcorder": 63656,
  "camera": 61488,
  "camera-alt": 62258,
  "camera-home": 63742,
  "camera-movie": 63657,
  "camera-polaroid": 63658,
  "camera-retro": 61571,
  "campfire": 63162,
  "campground": 63163,
  "canadian-maple-leaf": 63365,
  "candle-holder": 63164,
  "candy-cane": 63366,
  "candy-corn": 63165,
  "cannabis": 62815,
  "capsules": 62571,
  "car": 61881,
  "car-alt": 62942,
  "car-battery": 62943,
  "car-building": 63577,
  "car-bump": 62944,
  "car-bus": 63578,
  "car-crash": 62945,
  "car-garage": 62946,
  "car-mechanic": 62947,
  "car-side": 62948,
  "car-tilt": 62949,
  "car-wash": 62950,
  "caravan": 63743,
  "caravan-alt": 57344,
  "caret-circle-down": 62253,
  "caret-circle-left": 62254,
  "caret-circle-right": 62256,
  "caret-circle-up": 62257,
  "caret-down": 61655,
  "caret-left": 61657,
  "caret-right": 61658,
  "caret-square-down": 61776,
  "caret-square-left": 61841,
  "caret-square-right": 61778,
  "caret-square-up": 61777,
  "caret-up": 61656,
  "carrot": 63367,
  "cars": 63579,
  "cart-arrow-down": 61976,
  "cart-plus": 61975,
  "cash-register": 63368,
  "cassette-tape": 63659,
  "cat": 63166,
  "cat-space": 57345,
  "cauldron": 63167,
  "cc-amazon-pay": 62509,
  "cc-amex": 61939,
  "cc-apple-pay": 62486,
  "cc-diners-club": 62028,
  "cc-discover": 61938,
  "cc-jcb": 62027,
  "cc-mastercard": 61937,
  "cc-paypal": 61940,
  "cc-stripe": 61941,
  "cc-visa": 61936,
  "cctv": 63660,
  "centercode": 62336,
  "centos": 63369,
  "certificate": 61603,
  "chair": 63168,
  "chair-office": 63169,
  "chalkboard": 62747,
  "chalkboard-teacher": 62748,
  "charging-station": 62951,
  "chart-area": 61950,
  "chart-bar": 61568,
  "chart-line": 61953,
  "chart-line-down": 63053,
  "chart-network": 63370,
  "chart-pie": 61952,
  "chart-pie-alt": 63054,
  "chart-scatter": 63470,
  "check": 61452,
  "check-circle": 61528,
  "check-double": 62816,
  "check-square": 61770,
  "cheese": 63471,
  "cheese-swiss": 63472,
  "cheeseburger": 63473,
  "chess": 62521,
  "chess-bishop": 62522,
  "chess-bishop-alt": 62523,
  "chess-board": 62524,
  "chess-clock": 62525,
  "chess-clock-alt": 62526,
  "chess-king": 62527,
  "chess-king-alt": 62528,
  "chess-knight": 62529,
  "chess-knight-alt": 62530,
  "chess-pawn": 62531,
  "chess-pawn-alt": 62532,
  "chess-queen": 62533,
  "chess-queen-alt": 62534,
  "chess-rook": 62535,
  "chess-rook-alt": 62536,
  "chevron-circle-down": 61754,
  "chevron-circle-left": 61751,
  "chevron-circle-right": 61752,
  "chevron-circle-up": 61753,
  "chevron-double-down": 62242,
  "chevron-double-left": 62243,
  "chevron-double-right": 62244,
  "chevron-double-up": 62245,
  "chevron-down": 61560,
  "chevron-left": 61523,
  "chevron-right": 61524,
  "chevron-square-down": 62249,
  "chevron-square-left": 62250,
  "chevron-square-right": 62251,
  "chevron-square-up": 62252,
  "chevron-up": 61559,
  "child": 61870,
  "chimney": 63371,
  "chrome": 62056,
  "chromecast": 63544,
  "church": 62749,
  "circle": 61713,
  "circle-notch": 61902,
  "city": 63055,
  "clarinet": 63661,
  "claw-marks": 63170,
  "clinic-medical": 63474,
  "clipboard": 62248,
  "clipboard-check": 62572,
  "clipboard-list": 62573,
  "clipboard-list-check": 63287,
  "clipboard-prescription": 62952,
  "clipboard-user": 63475,
  "clock": 61463,
  "clone": 62029,
  "closed-captioning": 61962,
  "cloud": 61634,
  "cloud-download": 61677,
  "cloud-download-alt": 62337,
  "cloud-drizzle": 63288,
  "cloud-hail": 63289,
  "cloud-hail-mixed": 63290,
  "cloud-meatball": 63291,
  "cloud-moon": 63171,
  "cloud-moon-rain": 63292,
  "cloud-music": 63662,
  "cloud-rain": 63293,
  "cloud-rainbow": 63294,
  "cloud-showers": 63295,
  "cloud-showers-heavy": 63296,
  "cloud-sleet": 63297,
  "cloud-snow": 63298,
  "cloud-sun": 63172,
  "cloud-sun-rain": 63299,
  "cloud-upload": 61678,
  "cloud-upload-alt": 62338,
  "cloudflare": 57469,
  "clouds": 63300,
  "clouds-moon": 63301,
  "clouds-sun": 63302,
  "cloudscale": 62339,
  "cloudsmith": 62340,
  "cloudversify": 62341,
  "club": 62247,
  "cocktail": 62817,
  "code": 61729,
  "code-branch": 61734,
  "code-commit": 62342,
  "code-merge": 62343,
  "codepen": 61899,
  "codiepie": 62084,
  "coffee": 61684,
  "coffee-pot": 57346,
  "coffee-togo": 63173,
  "coffin": 63174,
  "coffin-cross": 57425,
  "cog": 61459,
  "cogs": 61573,
  "coin": 63580,
  "coins": 62750,
  "columns": 61659,
  "comet": 57347,
  "comment": 61557,
  "comment-alt": 62074,
  "comment-alt-check": 62626,
  "comment-alt-dollar": 63056,
  "comment-alt-dots": 62627,
  "comment-alt-edit": 62628,
  "comment-alt-exclamation": 62629,
  "comment-alt-lines": 62630,
  "comment-alt-medical": 63476,
  "comment-alt-minus": 62631,
  "comment-alt-music": 63663,
  "comment-alt-plus": 62632,
  "comment-alt-slash": 62633,
  "comment-alt-smile": 62634,
  "comment-alt-times": 62635,
  "comment-check": 62636,
  "comment-dollar": 63057,
  "comment-dots": 62637,
  "comment-edit": 62638,
  "comment-exclamation": 62639,
  "comment-lines": 62640,
  "comment-medical": 63477,
  "comment-minus": 62641,
  "comment-music": 63664,
  "comment-plus": 62642,
  "comment-slash": 62643,
  "comment-smile": 62644,
  "comment-times": 62645,
  "comments": 61574,
  "comments-alt": 62646,
  "comments-alt-dollar": 63058,
  "comments-dollar": 63059,
  "compact-disc": 62751,
  "compass": 61774,
  "compass-slash": 62953,
  "compress": 61542,
  "compress-alt": 62498,
  "compress-arrows-alt": 63372,
  "compress-wide": 62246,
  "computer-classic": 63665,
  "computer-speaker": 63666,
  "concierge-bell": 62818,
  "confluence": 63373,
  "connectdevelop": 61966,
  "construction": 63581,
  "container-storage": 62647,
  "contao": 62061,
  "conveyor-belt": 62574,
  "conveyor-belt-alt": 62575,
  "cookie": 62819,
  "cookie-bite": 62820,
  "copy": 61637,
  "copyright": 61945,
  "corn": 63175,
  "cotton-bureau": 63646,
  "couch": 62648,
  "cow": 63176,
  "cowbell": 63667,
  "cowbell-more": 63668,
  "cpanel": 62344,
  "creative-commons": 62046,
  "creative-commons-by": 62695,
  "creative-commons-nc": 62696,
  "creative-commons-nc-eu": 62697,
  "creative-commons-nc-jp": 62698,
  "creative-commons-nd": 62699,
  "creative-commons-pd": 62700,
  "creative-commons-pd-alt": 62701,
  "creative-commons-remix": 62702,
  "creative-commons-sa": 62703,
  "creative-commons-sampling": 62704,
  "creative-commons-sampling-plus": 62705,
  "creative-commons-share": 62706,
  "creative-commons-zero": 62707,
  "credit-card": 61597,
  "credit-card-blank": 62345,
  "credit-card-front": 62346,
  "cricket": 62537,
  "critical-role": 63177,
  "croissant": 63478,
  "crop": 61733,
  "crop-alt": 62821,
  "cross": 63060,
  "crosshairs": 61531,
  "crow": 62752,
  "crown": 62753,
  "crutch": 63479,
  "crutches": 63480,
  "css3": 61756,
  "css3-alt": 62347,
  "cube": 61874,
  "cubes": 61875,
  "curling": 62538,
  "cut": 61636,
  "cuttlefish": 62348,
  "d-and-d": 62349,
  "d-and-d-beyond": 63178,
  "dagger": 63179,
  "dailymotion": 57426,
  "dashcube": 61968,
  "database": 61888,
  "deaf": 62116,
  "debug": 63481,
  "deer": 63374,
  "deer-rudolph": 63375,
  "deezer": 57463,
  "delicious": 61861,
  "democrat": 63303,
  "deploydog": 62350,
  "deskpro": 62351,
  "desktop": 61704,
  "desktop-alt": 62352,
  "dev": 63180,
  "deviantart": 61885,
  "dewpoint": 63304,
  "dharmachakra": 63061,
  "dhl": 63376,
  "diagnoses": 62576,
  "diamond": 61977,
  "diaspora": 63377,
  "dice": 62754,
  "dice-d10": 63181,
  "dice-d12": 63182,
  "dice-d20": 63183,
  "dice-d4": 63184,
  "dice-d6": 63185,
  "dice-d8": 63186,
  "dice-five": 62755,
  "dice-four": 62756,
  "dice-one": 62757,
  "dice-six": 62758,
  "dice-three": 62759,
  "dice-two": 62760,
  "digg": 61862,
  "digging": 63582,
  "digital-ocean": 62353,
  "digital-tachograph": 62822,
  "diploma": 62954,
  "directions": 62955,
  "disc-drive": 63669,
  "discord": 62354,
  "discourse": 62355,
  "disease": 63482,
  "divide": 62761,
  "dizzy": 62823,
  "dna": 62577,
  "do-not-enter": 62956,
  "dochub": 62356,
  "docker": 62357,
  "dog": 63187,
  "dog-leashed": 63188,
  "dollar-sign": 61781,
  "dolly": 62578,
  "dolly-empty": 62579,
  "dolly-flatbed": 62580,
  "dolly-flatbed-alt": 62581,
  "dolly-flatbed-empty": 62582,
  "donate": 62649,
  "door-closed": 62762,
  "door-open": 62763,
  "dot-circle": 61842,
  "dove": 62650,
  "download": 61465,
  "draft2digital": 62358,
  "drafting-compass": 62824,
  "dragon": 63189,
  "draw-circle": 62957,
  "draw-polygon": 62958,
  "draw-square": 62959,
  "dreidel": 63378,
  "dribbble": 61821,
  "dribbble-square": 62359,
  "drone": 63583,
  "drone-alt": 63584,
  "dropbox": 61803,
  "drum": 62825,
  "drum-steelpan": 62826,
  "drumstick": 63190,
  "drumstick-bite": 63191,
  "drupal": 61865,
  "dryer": 63585,
  "dryer-alt": 63586,
  "duck": 63192,
  "dumbbell": 62539,
  "dumpster": 63379,
  "dumpster-fire": 63380,
  "dungeon": 63193,
  "dyalog": 62361,
  "ear": 62960,
  "ear-muffs": 63381,
  "earlybirds": 62362,
  "ebay": 62708,
  "eclipse": 63305,
  "eclipse-alt": 63306,
  "edge": 62082,
  "edge-legacy": 57464,
  "edit": 61508,
  "egg": 63483,
  "egg-fried": 63484,
  "eject": 61522,
  "elementor": 62512,
  "elephant": 63194,
  "ellipsis-h": 61761,
  "ellipsis-h-alt": 62363,
  "ellipsis-v": 61762,
  "ellipsis-v-alt": 62364,
  "ello": 62961,
  "ember": 62499,
  "empire": 61905,
  "empty-set": 63062,
  "engine-warning": 62962,
  "envelope": 61664,
  "envelope-open": 62134,
  "envelope-open-dollar": 63063,
  "envelope-open-text": 63064,
  "envelope-square": 61849,
  "envira": 62105,
  "equals": 62764,
  "eraser": 61741,
  "erlang": 62365,
  "ethereum": 62510,
  "ethernet": 63382,
  "etsy": 62167,
  "euro-sign": 61779,
  "evernote": 63545,
  "exchange": 61676,
  "exchange-alt": 62306,
  "exclamation": 61738,
  "exclamation-circle": 61546,
  "exclamation-square": 62241,
  "exclamation-triangle": 61553,
  "expand": 61541,
  "expand-alt": 62500,
  "expand-arrows": 62237,
  "expand-arrows-alt": 62238,
  "expand-wide": 62240,
  "expeditedssl": 62014,
  "external-link": 61582,
  "external-link-alt": 62301,
  "external-link-square": 61772,
  "external-link-square-alt": 62304,
  "eye": 61550,
  "eye-dropper": 61947,
  "eye-evil": 63195,
  "eye-slash": 61552,
  "facebook": 61594,
  "facebook-f": 62366,
  "facebook-messenger": 62367,
  "facebook-square": 61570,
  "fan": 63587,
  "fan-table": 57348,
  "fantasy-flight-games": 63196,
  "farm": 63588,
  "fast-backward": 61513,
  "fast-forward": 61520,
  "faucet": 57349,
  "faucet-drip": 57350,
  "fax": 61868,
  "feather": 62765,
  "feather-alt": 62827,
  "fedex": 63383,
  "fedora": 63384,
  "female": 61826,
  "field-hockey": 62540,
  "fighter-jet": 61691,
  "figma": 63385,
  "file": 61787,
  "file-alt": 61788,
  "file-archive": 61894,
  "file-audio": 61895,
  "file-certificate": 62963,
  "file-chart-line": 63065,
  "file-chart-pie": 63066,
  "file-check": 62230,
  "file-code": 61897,
  "file-contract": 62828,
  "file-csv": 63197,
  "file-download": 62829,
  "file-edit": 62236,
  "file-excel": 61891,
  "file-exclamation": 62234,
  "file-export": 62830,
  "file-image": 61893,
  "file-import": 62831,
  "file-invoice": 62832,
  "file-invoice-dollar": 62833,
  "file-medical": 62583,
  "file-medical-alt": 62584,
  "file-minus": 62232,
  "file-music": 63670,
  "file-pdf": 61889,
  "file-plus": 62233,
  "file-powerpoint": 61892,
  "file-prescription": 62834,
  "file-search": 63589,
  "file-signature": 62835,
  "file-spreadsheet": 63067,
  "file-times": 62231,
  "file-upload": 62836,
  "file-user": 63068,
  "file-video": 61896,
  "file-word": 61890,
  "files-medical": 63485,
  "fill": 62837,
  "fill-drip": 62838,
  "film": 61448,
  "film-alt": 62368,
  "film-canister": 63671,
  "filter": 61616,
  "fingerprint": 62839,
  "fire": 61549,
  "fire-alt": 63460,
  "fire-extinguisher": 61748,
  "fire-smoke": 63307,
  "firefox": 62057,
  "firefox-browser": 57351,
  "fireplace": 63386,
  "first-aid": 62585,
  "first-order": 62128,
  "first-order-alt": 62730,
  "firstdraft": 62369,
  "fish": 62840,
  "fish-cooked": 63486,
  "fist-raised": 63198,
  "flag": 61476,
  "flag-alt": 63308,
  "flag-checkered": 61726,
  "flag-usa": 63309,
  "flame": 63199,
  "flashlight": 63672,
  "flask": 61635,
  "flask-poison": 63200,
  "flask-potion": 63201,
  "flickr": 61806,
  "flipboard": 62541,
  "flower": 63487,
  "flower-daffodil": 63488,
  "flower-tulip": 63489,
  "flushed": 62841,
  "flute": 63673,
  "flux-capacitor": 63674,
  "fly": 62487,
  "fog": 63310,
  "folder": 61563,
  "folder-download": 57427,
  "folder-minus": 63069,
  "folder-open": 61564,
  "folder-plus": 63070,
  "folder-times": 63071,
  "folder-tree": 63490,
  "folder-upload": 57428,
  "folders": 63072,
  "font": 61489,
  "font-awesome": 62132,
  "font-awesome-alt": 62300,
  "font-awesome-flag": 62501,
  "font-awesome-logo-full": 62694,
  "font-case": 63590,
  "fonticons": 62080,
  "fonticons-fi": 62370,
  "football-ball": 62542,
  "football-helmet": 62543,
  "forklift": 62586,
  "fort-awesome": 62086,
  "fort-awesome-alt": 62371,
  "forumbee": 61969,
  "forward": 61518,
  "foursquare": 61824,
  "fragile": 62651,
  "free-code-camp": 62149,
  "freebsd": 62372,
  "french-fries": 63491,
  "frog": 62766,
  "frosty-head": 63387,
  "frown": 61721,
  "frown-open": 62842,
  "fulcrum": 62731,
  "function": 63073,
  "funnel-dollar": 63074,
  "futbol": 61923,
  "galactic-republic": 62732,
  "galactic-senate": 62733,
  "galaxy": 57352,
  "game-board": 63591,
  "game-board-alt": 63592,
  "game-console-handheld": 63675,
  "gamepad": 61723,
  "gamepad-alt": 63676,
  "garage": 57353,
  "garage-car": 57354,
  "garage-open": 57355,
  "gas-pump": 62767,
  "gas-pump-slash": 62964,
  "gavel": 61667,
  "gem": 62373,
  "genderless": 61997,
  "get-pocket": 62053,
  "gg": 62048,
  "gg-circle": 62049,
  "ghost": 63202,
  "gift": 61547,
  "gift-card": 63075,
  "gifts": 63388,
  "gingerbread-man": 63389,
  "git": 61907,
  "git-alt": 63553,
  "git-square": 61906,
  "github": 61595,
  "github-alt": 61715,
  "github-square": 61586,
  "gitkraken": 62374,
  "gitlab": 62102,
  "gitter": 62502,
  "glass": 63492,
  "glass-champagne": 63390,
  "glass-cheers": 63391,
  "glass-citrus": 63593,
  "glass-martini": 61440,
  "glass-martini-alt": 62843,
  "glass-whiskey": 63392,
  "glass-whiskey-rocks": 63393,
  "glasses": 62768,
  "glasses-alt": 62965,
  "glide": 62117,
  "glide-g": 62118,
  "globe": 61612,
  "globe-africa": 62844,
  "globe-americas": 62845,
  "globe-asia": 62846,
  "globe-europe": 63394,
  "globe-snow": 63395,
  "globe-stand": 62966,
  "gofore": 62375,
  "golf-ball": 62544,
  "golf-club": 62545,
  "goodreads": 62376,
  "goodreads-g": 62377,
  "google": 61856,
  "google-drive": 62378,
  "google-pay": 57465,
  "google-play": 62379,
  "google-plus": 62131,
  "google-plus-g": 61653,
  "google-plus-square": 61652,
  "google-wallet": 61934,
  "gopuram": 63076,
  "graduation-cap": 61853,
  "gramophone": 63677,
  "gratipay": 61828,
  "grav": 62166,
  "greater-than": 62769,
  "greater-than-equal": 62770,
  "grimace": 62847,
  "grin": 62848,
  "grin-alt": 62849,
  "grin-beam": 62850,
  "grin-beam-sweat": 62851,
  "grin-hearts": 62852,
  "grin-squint": 62853,
  "grin-squint-tears": 62854,
  "grin-stars": 62855,
  "grin-tears": 62856,
  "grin-tongue": 62857,
  "grin-tongue-squint": 62858,
  "grin-tongue-wink": 62859,
  "grin-wink": 62860,
  "grip-horizontal": 62861,
  "grip-lines": 63396,
  "grip-lines-vertical": 63397,
  "grip-vertical": 62862,
  "gripfire": 62380,
  "grunt": 62381,
  "guilded": 57470,
  "guitar": 63398,
  "guitar-electric": 63678,
  "guitars": 63679,
  "gulp": 62382,
  "h-square": 61693,
  "h1": 62227,
  "h2": 62228,
  "h3": 62229,
  "h4": 63594,
  "hacker-news": 61908,
  "hacker-news-square": 62383,
  "hackerrank": 62967,
  "hamburger": 63493,
  "hammer": 63203,
  "hammer-war": 63204,
  "hamsa": 63077,
  "hand-heart": 62652,
  "hand-holding": 62653,
  "hand-holding-box": 62587,
  "hand-holding-heart": 62654,
  "hand-holding-magic": 63205,
  "hand-holding-medical": 57436,
  "hand-holding-seedling": 62655,
  "hand-holding-usd": 62656,
  "hand-holding-water": 62657,
  "hand-lizard": 62040,
  "hand-middle-finger": 63494,
  "hand-paper": 62038,
  "hand-peace": 62043,
  "hand-point-down": 61607,
  "hand-point-left": 61605,
  "hand-point-right": 61604,
  "hand-point-up": 61606,
  "hand-pointer": 62042,
  "hand-receiving": 62588,
  "hand-rock": 62037,
  "hand-scissors": 62039,
  "hand-sparkles": 57437,
  "hand-spock": 62041,
  "hands": 62658,
  "hands-heart": 62659,
  "hands-helping": 62660,
  "hands-usd": 62661,
  "hands-wash": 57438,
  "handshake": 62133,
  "handshake-alt": 62662,
  "handshake-alt-slash": 57439,
  "handshake-slash": 57440,
  "hanukiah": 63206,
  "hard-hat": 63495,
  "hashtag": 62098,
  "hat-chef": 63595,
  "hat-cowboy": 63680,
  "hat-cowboy-side": 63681,
  "hat-santa": 63399,
  "hat-winter": 63400,
  "hat-witch": 63207,
  "hat-wizard": 63208,
  "hdd": 61600,
  "head-side": 63209,
  "head-side-brain": 63496,
  "head-side-cough": 57441,
  "head-side-cough-slash": 57442,
  "head-side-headphones": 63682,
  "head-side-mask": 57443,
  "head-side-medical": 63497,
  "head-side-virus": 57444,
  "head-vr": 63210,
  "heading": 61916,
  "headphones": 61477,
  "headphones-alt": 62863,
  "headset": 62864,
  "heart": 61444,
  "heart-broken": 63401,
  "heart-circle": 62663,
  "heart-rate": 62968,
  "heart-square": 62664,
  "heartbeat": 61982,
  "heat": 57356,
  "helicopter": 62771,
  "helmet-battle": 63211,
  "hexagon": 62226,
  "highlighter": 62865,
  "hiking": 63212,
  "hippo": 63213,
  "hips": 62546,
  "hire-a-helper": 62384,
  "history": 61914,
  "hive": 57471,
  "hockey-mask": 63214,
  "hockey-puck": 62547,
  "hockey-sticks": 62548,
  "holly-berry": 63402,
  "home": 61461,
  "home-alt": 63498,
  "home-heart": 62665,
  "home-lg": 63499,
  "home-lg-alt": 63500,
  "hood-cloak": 63215,
  "hooli": 62503,
  "horizontal-rule": 63596,
  "hornbill": 62866,
  "horse": 63216,
  "horse-head": 63403,
  "horse-saddle": 63683,
  "hospital": 61688,
  "hospital-alt": 62589,
  "hospital-symbol": 62590,
  "hospital-user": 63501,
  "hospitals": 63502,
  "hot-tub": 62867,
  "hotdog": 63503,
  "hotel": 62868,
  "hotjar": 62385,
  "hourglass": 62036,
  "hourglass-end": 62035,
  "hourglass-half": 62034,
  "hourglass-start": 62033,
  "house": 57357,
  "house-damage": 63217,
  "house-day": 57358,
  "house-flood": 63311,
  "house-leave": 57359,
  "house-night": 57360,
  "house-return": 57361,
  "house-signal": 57362,
  "house-user": 57445,
  "houzz": 62076,
  "hryvnia": 63218,
  "html5": 61755,
  "hubspot": 62386,
  "humidity": 63312,
  "hurricane": 63313,
  "i-cursor": 62022,
  "ice-cream": 63504,
  "ice-skate": 63404,
  "icicles": 63405,
  "icons": 63597,
  "icons-alt": 63598,
  "id-badge": 62145,
  "id-card": 62146,
  "id-card-alt": 62591,
  "ideal": 57363,
  "igloo": 63406,
  "image": 61502,
  "image-polaroid": 63684,
  "images": 62210,
  "imdb": 62168,
  "inbox": 61468,
  "inbox-in": 62224,
  "inbox-out": 62225,
  "indent": 61500,
  "industry": 62069,
  "industry-alt": 62387,
  "infinity": 62772,
  "info": 61737,
  "info-circle": 61530,
  "info-square": 62223,
  "inhaler": 62969,
  "innosoft": 57472,
  "instagram": 61805,
  "instagram-square": 57429,
  "instalod": 57473,
  "integral": 63079,
  "intercom": 63407,
  "internet-explorer": 62059,
  "intersection": 63080,
  "inventory": 62592,
  "invision": 63408,
  "ioxhost": 61960,
  "island-tropical": 63505,
  "italic": 61491,
  "itch-io": 63546,
  "itunes": 62388,
  "itunes-note": 62389,
  "jack-o-lantern": 62222,
  "java": 62692,
  "jedi": 63081,
  "jedi-order": 62734,
  "jenkins": 62390,
  "jira": 63409,
  "joget": 62391,
  "joint": 62869,
  "joomla": 61866,
  "journal-whills": 63082,
  "joystick": 63685,
  "js": 62392,
  "js-square": 62393,
  "jsfiddle": 61900,
  "jug": 63686,
  "kaaba": 63083,
  "kaggle": 62970,
  "kazoo": 63687,
  "kerning": 63599,
  "key": 61572,
  "key-skeleton": 63219,
  "keybase": 62709,
  "keyboard": 61724,
  "keycdn": 62394,
  "keynote": 63084,
  "khanda": 63085,
  "kickstarter": 62395,
  "kickstarter-k": 62396,
  "kidneys": 62971,
  "kiss": 62870,
  "kiss-beam": 62871,
  "kiss-wink-heart": 62872,
  "kite": 63220,
  "kiwi-bird": 62773,
  "knife-kitchen": 63221,
  "korvue": 62511,
  "lambda": 63086,
  "lamp": 62666,
  "lamp-desk": 57364,
  "lamp-floor": 57365,
  "landmark": 63087,
  "landmark-alt": 63314,
  "language": 61867,
  "laptop": 61705,
  "laptop-code": 62972,
  "laptop-house": 57446,
  "laptop-medical": 63506,
  "laravel": 62397,
  "lasso": 63688,
  "lastfm": 61954,
  "lastfm-square": 61955,
  "laugh": 62873,
  "laugh-beam": 62874,
  "laugh-squint": 62875,
  "laugh-wink": 62876,
  "layer-group": 62973,
  "layer-minus": 62974,
  "layer-plus": 62975,
  "leaf": 61548,
  "leaf-heart": 62667,
  "leaf-maple": 63222,
  "leaf-oak": 63223,
  "leanpub": 61970,
  "lemon": 61588,
  "less": 62493,
  "less-than": 62774,
  "less-than-equal": 62775,
  "level-down": 61769,
  "level-down-alt": 62398,
  "level-up": 61768,
  "level-up-alt": 62399,
  "life-ring": 61901,
  "light-ceiling": 57366,
  "light-switch": 57367,
  "light-switch-off": 57368,
  "light-switch-on": 57369,
  "lightbulb": 61675,
  "lightbulb-dollar": 63088,
  "lightbulb-exclamation": 63089,
  "lightbulb-on": 63090,
  "lightbulb-slash": 63091,
  "lights-holiday": 63410,
  "line": 62400,
  "line-columns": 63600,
  "line-height": 63601,
  "link": 61633,
  "linkedin": 61580,
  "linkedin-in": 61665,
  "linode": 62136,
  "linux": 61820,
  "lips": 62976,
  "lira-sign": 61845,
  "list": 61498,
  "list-alt": 61474,
  "list-music": 63689,
  "list-ol": 61643,
  "list-ul": 61642,
  "location": 62977,
  "location-arrow": 61732,
  "location-circle": 62978,
  "location-slash": 62979,
  "lock": 61475,
  "lock-alt": 62221,
  "lock-open": 62401,
  "lock-open-alt": 62402,
  "long-arrow-alt-down": 62217,
  "long-arrow-alt-left": 62218,
  "long-arrow-alt-right": 62219,
  "long-arrow-alt-up": 62220,
  "long-arrow-down": 61813,
  "long-arrow-left": 61815,
  "long-arrow-right": 61816,
  "long-arrow-up": 61814,
  "loveseat": 62668,
  "low-vision": 62120,
  "luchador": 62549,
  "luggage-cart": 62877,
  "lungs": 62980,
  "lungs-virus": 57447,
  "lyft": 62403,
  "mace": 63224,
  "magento": 62404,
  "magic": 61648,
  "magnet": 61558,
  "mail-bulk": 63092,
  "mailbox": 63507,
  "mailchimp": 62878,
  "male": 61827,
  "mandalorian": 62735,
  "mandolin": 63225,
  "map": 62073,
  "map-marked": 62879,
  "map-marked-alt": 62880,
  "map-marker": 61505,
  "map-marker-alt": 62405,
  "map-marker-alt-slash": 62981,
  "map-marker-check": 62982,
  "map-marker-edit": 62983,
  "map-marker-exclamation": 62984,
  "map-marker-minus": 62985,
  "map-marker-plus": 62986,
  "map-marker-question": 62987,
  "map-marker-slash": 62988,
  "map-marker-smile": 62989,
  "map-marker-times": 62990,
  "map-pin": 62070,
  "map-signs": 62071,
  "markdown": 62991,
  "marker": 62881,
  "mars": 61986,
  "mars-double": 61991,
  "mars-stroke": 61993,
  "mars-stroke-h": 61995,
  "mars-stroke-v": 61994,
  "mask": 63226,
  "mastodon": 62710,
  "maxcdn": 61750,
  "mdb": 63690,
  "meat": 63508,
  "medal": 62882,
  "medapps": 62406,
  "medium": 62010,
  "medium-m": 62407,
  "medkit": 61690,
  "medrt": 62408,
  "meetup": 62176,
  "megaphone": 63093,
  "megaport": 62883,
  "meh": 61722,
  "meh-blank": 62884,
  "meh-rolling-eyes": 62885,
  "memory": 62776,
  "mendeley": 63411,
  "menorah": 63094,
  "mercury": 61987,
  "meteor": 63315,
  "microblog": 57370,
  "microchip": 62171,
  "microphone": 61744,
  "microphone-alt": 62409,
  "microphone-alt-slash": 62777,
  "microphone-slash": 61745,
  "microphone-stand": 63691,
  "microscope": 62992,
  "microsoft": 62410,
  "microwave": 57371,
  "mind-share": 63095,
  "minus": 61544,
  "minus-circle": 61526,
  "minus-hexagon": 62215,
  "minus-octagon": 62216,
  "minus-square": 61766,
  "mistletoe": 63412,
  "mitten": 63413,
  "mix": 62411,
  "mixcloud": 62089,
  "mixer": 57430,
  "mizuni": 62412,
  "mobile": 61707,
  "mobile-alt": 62413,
  "mobile-android": 62414,
  "mobile-android-alt": 62415,
  "modx": 62085,
  "monero": 62416,
  "money-bill": 61654,
  "money-bill-alt": 62417,
  "money-bill-wave": 62778,
  "money-bill-wave-alt": 62779,
  "money-check": 62780,
  "money-check-alt": 62781,
  "money-check-edit": 63602,
  "money-check-edit-alt": 63603,
  "monitor-heart-rate": 62993,
  "monkey": 63227,
  "monument": 62886,
  "moon": 61830,
  "moon-cloud": 63316,
  "moon-stars": 63317,
  "mortar-pestle": 62887,
  "mosque": 63096,
  "motorcycle": 61980,
  "mountain": 63228,
  "mountains": 63229,
  "mouse": 63692,
  "mouse-alt": 63693,
  "mouse-pointer": 62021,
  "mp3-player": 63694,
  "mug": 63604,
  "mug-hot": 63414,
  "mug-marshmallows": 63415,
  "mug-tea": 63605,
  "music": 61441,
  "music-alt": 63695,
  "music-alt-slash": 63696,
  "music-slash": 63697,
  "napster": 62418,
  "narwhal": 63230,
  "neos": 62994,
  "network-wired": 63231,
  "neuter": 61996,
  "newspaper": 61930,
  "nimblr": 62888,
  "node": 62489,
  "node-js": 62419,
  "not-equal": 62782,
  "notes-medical": 62593,
  "npm": 62420,
  "ns8": 62421,
  "nutritionix": 62422,
  "object-group": 62023,
  "object-ungroup": 62024,
  "octagon": 62214,
  "octopus-deploy": 57474,
  "odnoklassniki": 62051,
  "odnoklassniki-square": 62052,
  "oil-can": 62995,
  "oil-temp": 62996,
  "old-republic": 62736,
  "om": 63097,
  "omega": 63098,
  "opencart": 62013,
  "openid": 61851,
  "opera": 62058,
  "optin-monster": 62012,
  "orcid": 63698,
  "ornament": 63416,
  "osi": 62490,
  "otter": 63232,
  "outdent": 61499,
  "outlet": 57372,
  "oven": 57373,
  "overline": 63606,
  "page-break": 63607,
  "page4": 62423,
  "pagelines": 61836,
  "pager": 63509,
  "paint-brush": 61948,
  "paint-brush-alt": 62889,
  "paint-roller": 62890,
  "palette": 62783,
  "palfed": 62424,
  "pallet": 62594,
  "pallet-alt": 62595,
  "paper-plane": 61912,
  "paperclip": 61638,
  "parachute-box": 62669,
  "paragraph": 61917,
  "paragraph-rtl": 63608,
  "parking": 62784,
  "parking-circle": 62997,
  "parking-circle-slash": 62998,
  "parking-slash": 62999,
  "passport": 62891,
  "pastafarianism": 63099,
  "paste": 61674,
  "patreon": 62425,
  "pause": 61516,
  "pause-circle": 62091,
  "paw": 61872,
  "paw-alt": 63233,
  "paw-claws": 63234,
  "paypal": 61933,
  "peace": 63100,
  "pegasus": 63235,
  "pen": 62212,
  "pen-alt": 62213,
  "pen-fancy": 62892,
  "pen-nib": 62893,
  "pen-square": 61771,
  "pencil": 61504,
  "pencil-alt": 62211,
  "pencil-paintbrush": 63000,
  "pencil-ruler": 62894,
  "pennant": 62550,
  "penny-arcade": 63236,
  "people-arrows": 57448,
  "people-carry": 62670,
  "pepper-hot": 63510,
  "perbyte": 57475,
  "percent": 62101,
  "percentage": 62785,
  "periscope": 62426,
  "person-booth": 63318,
  "person-carry": 62671,
  "person-dolly": 62672,
  "person-dolly-empty": 62673,
  "person-sign": 63319,
  "phabricator": 62427,
  "phoenix-framework": 62428,
  "phoenix-squadron": 62737,
  "phone": 61589,
  "phone-alt": 63609,
  "phone-laptop": 63610,
  "phone-office": 63101,
  "phone-plus": 62674,
  "phone-rotary": 63699,
  "phone-slash": 62429,
  "phone-square": 61592,
  "phone-square-alt": 63611,
  "phone-volume": 62112,
  "photo-video": 63612,
  "php": 62551,
  "pi": 63102,
  "piano": 63700,
  "piano-keyboard": 63701,
  "pie": 63237,
  "pied-piper": 62126,
  "pied-piper-alt": 61864,
  "pied-piper-hat": 62693,
  "pied-piper-pp": 61863,
  "pied-piper-square": 57374,
  "pig": 63238,
  "piggy-bank": 62675,
  "pills": 62596,
  "pinterest": 61650,
  "pinterest-p": 62001,
  "pinterest-square": 61651,
  "pizza": 63511,
  "pizza-slice": 63512,
  "place-of-worship": 63103,
  "plane": 61554,
  "plane-alt": 62430,
  "plane-arrival": 62895,
  "plane-departure": 62896,
  "plane-slash": 57449,
  "planet-moon": 57375,
  "planet-ringed": 57376,
  "play": 61515,
  "play-circle": 61764,
  "playstation": 62431,
  "plug": 61926,
  "plus": 61543,
  "plus-circle": 61525,
  "plus-hexagon": 62208,
  "plus-octagon": 62209,
  "plus-square": 61694,
  "podcast": 62158,
  "podium": 63104,
  "podium-star": 63320,
  "police-box": 57377,
  "poll": 63105,
  "poll-h": 63106,
  "poll-people": 63321,
  "poo": 62206,
  "poo-storm": 63322,
  "poop": 63001,
  "popcorn": 63513,
  "portal-enter": 57378,
  "portal-exit": 57379,
  "portrait": 62432,
  "pound-sign": 61780,
  "power-off": 61457,
  "pray": 63107,
  "praying-hands": 63108,
  "prescription": 62897,
  "prescription-bottle": 62597,
  "prescription-bottle-alt": 62598,
  "presentation": 63109,
  "print": 61487,
  "print-search": 63514,
  "print-slash": 63110,
  "procedures": 62599,
  "product-hunt": 62088,
  "project-diagram": 62786,
  "projector": 63702,
  "pump-medical": 57450,
  "pump-soap": 57451,
  "pumpkin": 63239,
  "pushed": 62433,
  "puzzle-piece": 61742,
  "python": 62434,
  "qq": 61910,
  "qrcode": 61481,
  "question": 61736,
  "question-circle": 61529,
  "question-square": 62205,
  "quidditch": 62552,
  "quinscape": 62553,
  "quora": 62148,
  "quote-left": 61709,
  "quote-right": 61710,
  "quran": 63111,
  "r-project": 62711,
  "rabbit": 63240,
  "rabbit-fast": 63241,
  "racquet": 62554,
  "radar": 57380,
  "radiation": 63417,
  "radiation-alt": 63418,
  "radio": 63703,
  "radio-alt": 63704,
  "rainbow": 63323,
  "raindrops": 63324,
  "ram": 63242,
  "ramp-loading": 62676,
  "random": 61556,
  "raspberry-pi": 63419,
  "ravelry": 62169,
  "raygun": 57381,
  "react": 62491,
  "reacteurope": 63325,
  "readme": 62677,
  "rebel": 61904,
  "receipt": 62787,
  "record-vinyl": 63705,
  "rectangle-landscape": 62202,
  "rectangle-portrait": 62203,
  "rectangle-wide": 62204,
  "recycle": 61880,
  "red-river": 62435,
  "reddit": 61857,
  "reddit-alien": 62081,
  "reddit-square": 61858,
  "redhat": 63420,
  "redo": 61470,
  "redo-alt": 62201,
  "refrigerator": 57382,
  "registered": 62045,
  "remove-format": 63613,
  "renren": 61835,
  "repeat": 62307,
  "repeat-1": 62309,
  "repeat-1-alt": 62310,
  "repeat-alt": 62308,
  "reply": 62437,
  "reply-all": 61730,
  "replyd": 62438,
  "republican": 63326,
  "researchgate": 62712,
  "resolving": 62439,
  "restroom": 63421,
  "retweet": 61561,
  "retweet-alt": 62305,
  "rev": 62898,
  "ribbon": 62678,
  "ring": 63243,
  "rings-wedding": 63515,
  "road": 61464,
  "robot": 62788,
  "rocket": 61749,
  "rocket-launch": 57383,
  "rocketchat": 62440,
  "rockrms": 62441,
  "route": 62679,
  "route-highway": 63002,
  "route-interstate": 63003,
  "router": 63706,
  "rss": 61598,
  "rss-square": 61763,
  "ruble-sign": 61784,
  "ruler": 62789,
  "ruler-combined": 62790,
  "ruler-horizontal": 62791,
  "ruler-triangle": 63004,
  "ruler-vertical": 62792,
  "running": 63244,
  "rupee-sign": 61782,
  "rust": 57466,
  "rv": 63422,
  "sack": 63516,
  "sack-dollar": 63517,
  "sad-cry": 62899,
  "sad-tear": 62900,
  "safari": 62055,
  "salad": 63518,
  "salesforce": 63547,
  "sandwich": 63519,
  "sass": 62494,
  "satellite": 63423,
  "satellite-dish": 63424,
  "sausage": 63520,
  "save": 61639,
  "sax-hot": 63707,
  "saxophone": 63708,
  "scalpel": 63005,
  "scalpel-path": 63006,
  "scanner": 62600,
  "scanner-image": 63731,
  "scanner-keyboard": 62601,
  "scanner-touchscreen": 62602,
  "scarecrow": 63245,
  "scarf": 63425,
  "schlix": 62442,
  "school": 62793,
  "screwdriver": 62794,
  "scribd": 62090,
  "scroll": 63246,
  "scroll-old": 63247,
  "scrubber": 62200,
  "scythe": 63248,
  "sd-card": 63426,
  "search": 61442,
  "search-dollar": 63112,
  "search-location": 63113,
  "search-minus": 61456,
  "search-plus": 61454,
  "searchengin": 62443,
  "seedling": 62680,
  "sellcast": 62170,
  "sellsy": 61971,
  "send-back": 63614,
  "send-backward": 63615,
  "sensor": 57384,
  "sensor-alert": 57385,
  "sensor-fire": 57386,
  "sensor-on": 57387,
  "sensor-smoke": 57388,
  "server": 62003,
  "servicestack": 62444,
  "shapes": 63007,
  "share": 61540,
  "share-all": 62311,
  "share-alt": 61920,
  "share-alt-square": 61921,
  "share-square": 61773,
  "sheep": 63249,
  "shekel-sign": 61963,
  "shield": 61746,
  "shield-alt": 62445,
  "shield-check": 62199,
  "shield-cross": 63250,
  "shield-virus": 57452,
  "ship": 61978,
  "shipping-fast": 62603,
  "shipping-timed": 62604,
  "shirtsinbulk": 61972,
  "shish-kebab": 63521,
  "shoe-prints": 62795,
  "shopify": 57431,
  "shopping-bag": 62096,
  "shopping-basket": 62097,
  "shopping-cart": 61562,
  "shopware": 62901,
  "shovel": 63251,
  "shovel-snow": 63427,
  "shower": 62156,
  "shredder": 63114,
  "shuttle-van": 62902,
  "shuttlecock": 62555,
  "sickle": 63522,
  "sigma": 63115,
  "sign": 62681,
  "sign-in": 61584,
  "sign-in-alt": 62198,
  "sign-language": 62119,
  "sign-out": 61579,
  "sign-out-alt": 62197,
  "signal": 61458,
  "signal-1": 63116,
  "signal-2": 63117,
  "signal-3": 63118,
  "signal-4": 63119,
  "signal-alt": 63120,
  "signal-alt-1": 63121,
  "signal-alt-2": 63122,
  "signal-alt-3": 63123,
  "signal-alt-slash": 63124,
  "signal-slash": 63125,
  "signal-stream": 63709,
  "signature": 62903,
  "sim-card": 63428,
  "simplybuilt": 61973,
  "sink": 57453,
  "siren": 57389,
  "siren-on": 57390,
  "sistrix": 62446,
  "sitemap": 61672,
  "sith": 62738,
  "skating": 63429,
  "skeleton": 63008,
  "sketch": 63430,
  "ski-jump": 63431,
  "ski-lift": 63432,
  "skiing": 63433,
  "skiing-nordic": 63434,
  "skull": 62796,
  "skull-cow": 63710,
  "skull-crossbones": 63252,
  "skyatlas": 61974,
  "skype": 61822,
  "slack": 61848,
  "slack-hash": 62447,
  "slash": 63253,
  "sledding": 63435,
  "sleigh": 63436,
  "sliders-h": 61918,
  "sliders-h-square": 62448,
  "sliders-v": 62449,
  "sliders-v-square": 62450,
  "slideshare": 61927,
  "smile": 61720,
  "smile-beam": 62904,
  "smile-plus": 62905,
  "smile-wink": 62682,
  "smog": 63327,
  "smoke": 63328,
  "smoking": 62605,
  "smoking-ban": 62797,
  "sms": 63437,
  "snake": 63254,
  "snapchat": 62123,
  "snapchat-ghost": 62124,
  "snapchat-square": 62125,
  "snooze": 63616,
  "snow-blowing": 63329,
  "snowboarding": 63438,
  "snowflake": 62172,
  "snowflakes": 63439,
  "snowman": 63440,
  "snowmobile": 63441,
  "snowplow": 63442,
  "soap": 57454,
  "socks": 63126,
  "solar-panel": 62906,
  "solar-system": 57391,
  "sort": 61660,
  "sort-alpha-down": 61789,
  "sort-alpha-down-alt": 63617,
  "sort-alpha-up": 61790,
  "sort-alpha-up-alt": 63618,
  "sort-alt": 63619,
  "sort-amount-down": 61792,
  "sort-amount-down-alt": 63620,
  "sort-amount-up": 61793,
  "sort-amount-up-alt": 63621,
  "sort-circle": 57392,
  "sort-circle-down": 57393,
  "sort-circle-up": 57394,
  "sort-down": 61661,
  "sort-numeric-down": 61794,
  "sort-numeric-down-alt": 63622,
  "sort-numeric-up": 61795,
  "sort-numeric-up-alt": 63623,
  "sort-shapes-down": 63624,
  "sort-shapes-down-alt": 63625,
  "sort-shapes-up": 63626,
  "sort-shapes-up-alt": 63627,
  "sort-size-down": 63628,
  "sort-size-down-alt": 63629,
  "sort-size-up": 63630,
  "sort-size-up-alt": 63631,
  "sort-up": 61662,
  "soundcloud": 61886,
  "soup": 63523,
  "sourcetree": 63443,
  "spa": 62907,
  "space-shuttle": 61847,
  "space-station-moon": 57395,
  "space-station-moon-alt": 57396,
  "spade": 62196,
  "sparkles": 63632,
  "speakap": 62451,
  "speaker": 63711,
  "speaker-deck": 63548,
  "speakers": 63712,
  "spell-check": 63633,
  "spider": 63255,
  "spider-black-widow": 63256,
  "spider-web": 63257,
  "spinner": 61712,
  "spinner-third": 62452,
  "splotch": 62908,
  "spotify": 61884,
  "spray-can": 62909,
  "sprinkler": 57397,
  "square": 61640,
  "square-full": 62556,
  "square-root": 63127,
  "square-root-alt": 63128,
  "squarespace": 62910,
  "squirrel": 63258,
  "stack-exchange": 61837,
  "stack-overflow": 61804,
  "stackpath": 63554,
  "staff": 63259,
  "stamp": 62911,
  "star": 61445,
  "star-and-crescent": 63129,
  "star-christmas": 63444,
  "star-exclamation": 62195,
  "star-half": 61577,
  "star-half-alt": 62912,
  "star-of-david": 63130,
  "star-of-life": 63009,
  "star-shooting": 57398,
  "starfighter": 57399,
  "starfighter-alt": 57400,
  "stars": 63330,
  "starship": 57401,
  "starship-freighter": 57402,
  "staylinked": 62453,
  "steak": 63524,
  "steam": 61878,
  "steam-square": 61879,
  "steam-symbol": 62454,
  "steering-wheel": 63010,
  "step-backward": 61512,
  "step-forward": 61521,
  "stethoscope": 61681,
  "sticker-mule": 62455,
  "sticky-note": 62025,
  "stocking": 63445,
  "stomach": 63011,
  "stop": 61517,
  "stop-circle": 62093,
  "stopwatch": 62194,
  "stopwatch-20": 57455,
  "store": 62798,
  "store-alt": 62799,
  "store-alt-slash": 57456,
  "store-slash": 57457,
  "strava": 62504,
  "stream": 62800,
  "street-view": 61981,
  "stretcher": 63525,
  "strikethrough": 61644,
  "stripe": 62505,
  "stripe-s": 62506,
  "stroopwafel": 62801,
  "studiovinari": 62456,
  "stumbleupon": 61860,
  "stumbleupon-circle": 61859,
  "subscript": 61740,
  "subway": 62009,
  "suitcase": 61682,
  "suitcase-rolling": 62913,
  "sun": 61829,
  "sun-cloud": 63331,
  "sun-dust": 63332,
  "sun-haze": 63333,
  "sunglasses": 63634,
  "sunrise": 63334,
  "sunset": 63335,
  "superpowers": 62173,
  "superscript": 61739,
  "supple": 62457,
  "surprise": 62914,
  "suse": 63446,
  "swatchbook": 62915,
  "swift": 63713,
  "swimmer": 62916,
  "swimming-pool": 62917,
  "sword": 63260,
  "sword-laser": 57403,
  "sword-laser-alt": 57404,
  "swords": 63261,
  "swords-laser": 57405,
  "symfony": 63549,
  "synagogue": 63131,
  "sync": 61473,
  "sync-alt": 62193,
  "syringe": 62606,
  "table": 61646,
  "table-tennis": 62557,
  "tablet": 61706,
  "tablet-alt": 62458,
  "tablet-android": 62459,
  "tablet-android-alt": 62460,
  "tablet-rugged": 62607,
  "tablets": 62608,
  "tachometer": 61668,
  "tachometer-alt": 62461,
  "tachometer-alt-average": 63012,
  "tachometer-alt-fast": 63013,
  "tachometer-alt-fastest": 63014,
  "tachometer-alt-slow": 63015,
  "tachometer-alt-slowest": 63016,
  "tachometer-average": 63017,
  "tachometer-fast": 63018,
  "tachometer-fastest": 63019,
  "tachometer-slow": 63020,
  "tachometer-slowest": 63021,
  "taco": 63526,
  "tag": 61483,
  "tags": 61484,
  "tally": 63132,
  "tanakh": 63527,
  "tape": 62683,
  "tasks": 61614,
  "tasks-alt": 63528,
  "taxi": 61882,
  "teamspeak": 62713,
  "teeth": 63022,
  "teeth-open": 63023,
  "telegram": 62150,
  "telegram-plane": 62462,
  "telescope": 57406,
  "temperature-down": 57407,
  "temperature-frigid": 63336,
  "temperature-high": 63337,
  "temperature-hot": 63338,
  "temperature-low": 63339,
  "temperature-up": 57408,
  "tencent-weibo": 61909,
  "tenge": 63447,
  "tennis-ball": 62558,
  "terminal": 61728,
  "text": 63635,
  "text-height": 61492,
  "text-size": 63636,
  "text-width": 61493,
  "th": 61450,
  "th-large": 61449,
  "th-list": 61451,
  "the-red-yeti": 63133,
  "theater-masks": 63024,
  "themeco": 62918,
  "themeisle": 62130,
  "thermometer": 62609,
  "thermometer-empty": 62155,
  "thermometer-full": 62151,
  "thermometer-half": 62153,
  "thermometer-quarter": 62154,
  "thermometer-three-quarters": 62152,
  "theta": 63134,
  "think-peaks": 63281,
  "thumbs-down": 61797,
  "thumbs-up": 61796,
  "thumbtack": 61581,
  "thunderstorm": 63340,
  "thunderstorm-moon": 63341,
  "thunderstorm-sun": 63342,
  "ticket": 61765,
  "ticket-alt": 62463,
  "tiktok": 57467,
  "tilde": 63135,
  "times": 61453,
  "times-circle": 61527,
  "times-hexagon": 62190,
  "times-octagon": 62192,
  "times-square": 62163,
  "tint": 61507,
  "tint-slash": 62919,
  "tire": 63025,
  "tire-flat": 63026,
  "tire-pressure-warning": 63027,
  "tire-rugged": 63028,
  "tired": 62920,
  "toggle-off": 61956,
  "toggle-on": 61957,
  "toilet": 63448,
  "toilet-paper": 63262,
  "toilet-paper-alt": 63263,
  "toilet-paper-slash": 57458,
  "tombstone": 63264,
  "tombstone-alt": 63265,
  "toolbox": 62802,
  "tools": 63449,
  "tooth": 62921,
  "toothbrush": 63029,
  "torah": 63136,
  "torii-gate": 63137,
  "tornado": 63343,
  "tractor": 63266,
  "trade-federation": 62739,
  "trademark": 62044,
  "traffic-cone": 63030,
  "traffic-light": 63031,
  "traffic-light-go": 63032,
  "traffic-light-slow": 63033,
  "traffic-light-stop": 63034,
  "trailer": 57409,
  "train": 62008,
  "tram": 63450,
  "transgender": 61988,
  "transgender-alt": 61989,
  "transporter": 57410,
  "transporter-1": 57411,
  "transporter-2": 57412,
  "transporter-3": 57413,
  "transporter-empty": 57414,
  "trash": 61944,
  "trash-alt": 62189,
  "trash-restore": 63529,
  "trash-restore-alt": 63530,
  "trash-undo": 63637,
  "trash-undo-alt": 63638,
  "treasure-chest": 63267,
  "tree": 61883,
  "tree-alt": 62464,
  "tree-christmas": 63451,
  "tree-decorated": 63452,
  "tree-large": 63453,
  "tree-palm": 63531,
  "trees": 63268,
  "trello": 61825,
  "triangle": 62188,
  "triangle-music": 63714,
  "tripadvisor": 62050,
  "trophy": 61585,
  "trophy-alt": 62187,
  "truck": 61649,
  "truck-container": 62684,
  "truck-couch": 62685,
  "truck-loading": 62686,
  "truck-monster": 63035,
  "truck-moving": 62687,
  "truck-pickup": 63036,
  "truck-plow": 63454,
  "truck-ramp": 62688,
  "trumpet": 63715,
  "tshirt": 62803,
  "tty": 61924,
  "tumblr": 61811,
  "tumblr-square": 61812,
  "turkey": 63269,
  "turntable": 63716,
  "turtle": 63270,
  "tv": 62060,
  "tv-alt": 63717,
  "tv-music": 63718,
  "tv-retro": 62465,
  "twitch": 61928,
  "twitter": 61593,
  "twitter-square": 61569,
  "typewriter": 63719,
  "typo3": 62507,
  "uber": 62466,
  "ubuntu": 63455,
  "ufo": 57415,
  "ufo-beam": 57416,
  "uikit": 62467,
  "umbraco": 63720,
  "umbrella": 61673,
  "umbrella-beach": 62922,
  "uncharted": 57476,
  "underline": 61645,
  "undo": 61666,
  "undo-alt": 62186,
  "unicorn": 63271,
  "union": 63138,
  "uniregistry": 62468,
  "unity": 57417,
  "universal-access": 62106,
  "university": 61852,
  "unlink": 61735,
  "unlock": 61596,
  "unlock-alt": 61758,
  "unsplash": 57468,
  "untappd": 62469,
  "upload": 61587,
  "ups": 63456,
  "usb": 62087,
  "usb-drive": 63721,
  "usd-circle": 62184,
  "usd-square": 62185,
  "user": 61447,
  "user-alien": 57418,
  "user-alt": 62470,
  "user-alt-slash": 62714,
  "user-astronaut": 62715,
  "user-chart": 63139,
  "user-check": 62716,
  "user-circle": 62141,
  "user-clock": 62717,
  "user-cog": 62718,
  "user-cowboy": 63722,
  "user-crown": 63140,
  "user-edit": 62719,
  "user-friends": 62720,
  "user-graduate": 62721,
  "user-hard-hat": 63532,
  "user-headset": 63533,
  "user-injured": 63272,
  "user-lock": 62722,
  "user-md": 61680,
  "user-md-chat": 63534,
  "user-minus": 62723,
  "user-music": 63723,
  "user-ninja": 62724,
  "user-nurse": 63535,
  "user-plus": 62004,
  "user-robot": 57419,
  "user-secret": 61979,
  "user-shield": 62725,
  "user-slash": 62726,
  "user-tag": 62727,
  "user-tie": 62728,
  "user-times": 62005,
  "user-unlock": 57432,
  "user-visor": 57420,
  "users": 61632,
  "users-class": 63037,
  "users-cog": 62729,
  "users-crown": 63141,
  "users-medical": 63536,
  "users-slash": 57459,
  "usps": 63457,
  "ussunnah": 62471,
  "utensil-fork": 62179,
  "utensil-knife": 62180,
  "utensil-spoon": 62181,
  "utensils": 62183,
  "utensils-alt": 62182,
  "vaadin": 62472,
  "vacuum": 57421,
  "vacuum-robot": 57422,
  "value-absolute": 63142,
  "vector-square": 62923,
  "venus": 61985,
  "venus-double": 61990,
  "venus-mars": 61992,
  "vest": 57477,
  "vest-patches": 57478,
  "vhs": 63724,
  "viacoin": 62007,
  "viadeo": 62121,
  "viadeo-square": 62122,
  "vial": 62610,
  "vials": 62611,
  "viber": 62473,
  "video": 61501,
  "video-plus": 62689,
  "video-slash": 62690,
  "vihara": 63143,
  "vimeo": 62474,
  "vimeo-square": 61844,
  "vimeo-v": 62077,
  "vine": 61898,
  "violin": 63725,
  "virus": 57460,
  "virus-slash": 57461,
  "viruses": 57462,
  "vk": 61833,
  "vnv": 62475,
  "voicemail": 63639,
  "volcano": 63344,
  "volleyball-ball": 62559,
  "volume": 63144,
  "volume-down": 61479,
  "volume-mute": 63145,
  "volume-off": 61478,
  "volume-slash": 62178,
  "volume-up": 61480,
  "vote-nay": 63345,
  "vote-yea": 63346,
  "vr-cardboard": 63273,
  "vuejs": 62495,
  "wagon-covered": 63726,
  "walker": 63537,
  "walkie-talkie": 63727,
  "walking": 62804,
  "wallet": 62805,
  "wand": 63274,
  "wand-magic": 63275,
  "warehouse": 62612,
  "warehouse-alt": 62613,
  "washer": 63640,
  "watch": 62177,
  "watch-calculator": 63728,
  "watch-fitness": 63038,
  "watchman-monitoring": 57479,
  "water": 63347,
  "water-lower": 63348,
  "water-rise": 63349,
  "wave-sine": 63641,
  "wave-square": 63550,
  "wave-triangle": 63642,
  "waveform": 63729,
  "waveform-path": 63730,
  "waze": 63551,
  "webcam": 63538,
  "webcam-slash": 63539,
  "weebly": 62924,
  "weibo": 61834,
  "weight": 62614,
  "weight-hanging": 62925,
  "weixin": 61911,
  "whale": 63276,
  "whatsapp": 62002,
  "whatsapp-square": 62476,
  "wheat": 63277,
  "wheelchair": 61843,
  "whistle": 62560,
  "whmcs": 62477,
  "wifi": 61931,
  "wifi-1": 63146,
  "wifi-2": 63147,
  "wifi-slash": 63148,
  "wikipedia-w": 62054,
  "wind": 63278,
  "wind-turbine": 63643,
  "wind-warning": 63350,
  "window": 62478,
  "window-alt": 62479,
  "window-close": 62480,
  "window-frame": 57423,
  "window-frame-open": 57424,
  "window-maximize": 62160,
  "window-minimize": 62161,
  "window-restore": 62162,
  "windows": 61818,
  "windsock": 63351,
  "wine-bottle": 63279,
  "wine-glass": 62691,
  "wine-glass-alt": 62926,
  "wix": 62927,
  "wizards-of-the-coast": 63280,
  "wodu": 57480,
  "wolf-pack-battalion": 62740,
  "won-sign": 61785,
  "wordpress": 61850,
  "wordpress-simple": 62481,
  "wpbeginner": 62103,
  "wpexplorer": 62174,
  "wpforms": 62104,
  "wpressr": 62436,
  "wreath": 63458,
  "wrench": 61613,
  "x-ray": 62615,
  "xbox": 62482,
  "xing": 61800,
  "xing-square": 61801,
  "y-combinator": 62011,
  "yahoo": 61854,
  "yammer": 63552,
  "yandex": 62483,
  "yandex-international": 62484,
  "yarn": 63459,
  "yelp": 61929,
  "yen-sign": 61783,
  "yin-yang": 63149,
  "yoast": 62129,
  "youtube": 61799,
  "youtube-square": 62513,
  "zhihu": 63039
}